company,company_profile,company_website,corporate_head,corporate_no,corporate_email,sponsorship,incentives
TEDX,"cloud testing",http://testing.tech,"Abhishek Rathee",9999999999,abhishek@cloudstuff.tech,"Title Sponsor: INR 3 lac",Not yetI,"Like to","Move it","Move it",8860865760,to@move.it,"Title Sponsor: INR 3 lac","Move it"
"tester corpo",tester,tester@tedxdtu.com,tester,9999999999,tester@dtu.com,"Associate Sponsor: Below INR 2 lac",Nothing
t,t,tedxdtu.com,t,1111111111,t@g.com,"Title Sponsor: INR 3 lac",a
a,a,a.com,a,0000000000,a@v.com,"Title Sponsor: INR 3 lac",a
Partiko,"Partiko is an Event Discovery app for Delhi NCR. We have an exclusive category for college events and fests. It is like having a customized app for your event with complete description, registration link and logos of sponsors listed as well.","www.partiko.com  ","Shubham Goyal",9599177503,shubham@partiko.com,"Media Partner","-List us as Media Partner/Mobile Partner on both online and offline platforms.
-Guest Database
-2 Event Passes."
sdgsdfbnsdj;kbn,bslkdvbvn;osdbnho;,sviohsons;oin;oi,sdvb;oisdbvo;isdvh,4613135413,harish@gmail.com,"Title Sponsor: INR 3 lac",sdbk;sdbn;sdvkn
a,aa,a.com,a,1234567890,a@b1.co,"Title Sponsor: INR 3 lac",az
sdjvksdkj,bkjdsbvlkjdsfb,jbsdkjbsdvkjbdskj,16541646,34165465456,bndskjbvkjsdbvk@gmail.com,"Title Sponsor: INR 3 lac",lkhdsnvlkjbsdlkv
ashdluifgsdkjlj,bsldiuvbdsfklbvlkj,jbsdflkjbvkjlbsdlvk,blisdvblksdvjblkjfd,29546816531,basndjkvbjh@gmail.com,"Title Sponsor: INR 3 lac",bdfsjlkbvljksdbv
jkdgblvkjsbdlk,advjbsdlkv.,bvsdlivbsldifbv,bsdljvblsdiv,12132135465,dnsvibsdilvnslk@gmail.com,"Associate Sponsor: Below INR 2 lac",abvcjhdvsljav
